CODIGO;DATA ATENDIMENTO;HORA ATENDIMENTO;REFERÊNCIA;TIPO;CATEGORIA;CLIENTE;SOLICITANTE;PRAZO PLANO DE AÇÃO;RESPONSAVEL PLANO DE AÇÃO;DATA E HORA DA OCORRÊNCIA;RESUMO;ÚLTIMO HISTÓRICO;ÚLTIMO USUÁRIO;ÚLTIMA DATA;ÚLTIMA HORA;STATUS;MINUTA;COLETA;COTAÇÃO;ATENDENTE;CAUSA RAIZ;PLANO DE AÇÃO;EMPRESA;SETOR;MES
2398;01/10/2026;14:37:44;;LOGISTICA INTERNA;CARGA ENVIADA PARA O DESTINO INCORRETO;VENTUNO PRODUTOS TEXTEIS LTDA;LETICIA;;RODRIGO NASCIMENTO;;No dia 15/09, durante a realizacao das entregas referentes as NFs 44544 e 44548, ocorreu uma falha operacional durante a descarga do veiculo, ocasionando a troca de duas caixas entre os destinatarios.;No dia 15/09, durante a realização das entregas referentes às NFs 44544 e 44548, ocorreu uma falha operacional durante a descarga do veículo, ocasionando a troca de duas caixas entre os destinatários.;SC.LETICIA;01/10/2026;14:37:44;ABERTO;300959;;;;FALHA NO MANUSEIO DA CARGA;;AZPORTOEX;LOGISTICA INTERNA;2026-10
2397;01/10/2026;14:27:43;;LOGISTICA INTERNA;ERRO DE CONFERENCIA;WINWIN TEXTILCOMERCIO E IMPORTACAO LTDA;JULIA;;ANDRE LUIS;;O embarque das NFs 934 e 935 foi realizado em 23/09, com entrega concluida em 25/09 sem ressalvas do cliente. Em 30/09, a Winwin informou a falta de fardos referentes a NF 935. Em verificacao interna junto ao estoque, foi identificado erro na separacao da mercadoria, realizada pelo colaborador Abner, da expedicao, o que ocasionou o nao envio de parte dos fardos ao cliente.;O embarque das NFs 934 e 935 foi realizado em 23/09, com entrega concluída em 25/09 sem ressalvas do cliente. Em 30/09, a Winwin informou a falta de fardos referentes à NF 935. Em verificação interna junto ao estoque, foi identificado erro na separação da mercadoria, realizada pelo colaborador Abner, da expedição, o que ocasionou o não envio de parte dos fardos ao cliente.;SC.JULIA;01/10/2026;14:27:43;ABERTO;302227;;;;NAO CUMPRIMENTO DO PROCESSO;;AZPORTOEX;LOGISTICA INTERNA;2026-10
2396;29/09/2026;17:40:01;;FILIAL;ERRO DE CARREGAMENTO;HERCULES EQUIPAMENTOS DE PROTECAO LTDA;ARLON;05/10/2026;MARCOS BLAUTH;29/09/2026 17:00;TIVEMOS UMA FALHA OPERACIONAL POR CONTA DA FILIAL, COLETARAM DIA 09/09, EMBARCARAM A MERCADORIA PARA SERRA NA AWB 8709846, SENDO QUE DEVERIAMOS ENTREGAR EM GRU/REDESPACHO, COMO FOI EMBARCADO O MATERIAL DA WILSON SONS DIRETO PRA JEM NAO FOI FEITO NEM A EMISSAO DA MD ... PAGAMOS UM DEDICADO AO PARCEIRO PARA FINALIZAR A ENTREGA HOJE 29/09 MESMO DIA DA EMISSAO.;TIVEMOS UMA FALHA OPERACIONAL POR CONTA DA FILIAL, COLETARAM DIA 09/09, EMBARCARAM A MERCADORIA PARA SERRA NA AWB 8709846, SENDO QUE DEVERIAMOS ENTREGAR EM GRU/REDESPACHO, COMO FOI EMBARCADO O MATERIAL DA WILSON SONS DIRETO PRA JEM NAO FOI FEITO NEM A EMISSÃO DA MD ... PAGAMOS UM DEDICADO AO PARCEIRO PARA FINALIZAR A ENTREGA HOJE 29/09 MESMO DIA DA EMISSÃO.;SC.ARLON;29/09/2026;17:40:01;ABERTO;303283;;;;NAO CUMPRIMENTO DO PROCESSO;;AZPORTOEX;FILIAL;2026-09
2395;29/09/2026;11:15:59;383,30;LOGISTICA INTERNA;ERRO DE CONFERENCIA;MATTEL DO BRASIL LTDA;LETICIA;;ANDRE LUIS;;No momento da entrega, durante a conferencia da mercadoria pelo destinatario, foi identificada a ausencia de um volume que constava na documentacao de embarque.;CUSTO FOI DIRECIONADO AO SETOR DE LOGÍSTICA INTERNA.;SC.ANDRE;29/09/2026;16:20:23;FINALIZADA;292829,286097;;;;ERRO CONFERENCIA;;AZPORTOEX;LOGISTICA INTERNA;2026-09
31;28/09/2026;18:08:16;;LOGISTICA INTERNA;ERRO CONFERENCIA;SAMSUNG ELETRONICA DA AMAZONIA LTDA -;LETICIA;;ANDRE LUIS;;Durante o processo de embarque, um dos itens pertencentes a carga foi inadvertidamente esquecido, ocasionando o embarque de forma parcial. A falha ocorreu durante a etapa de conferencia/carregamento, nao sendo identificado no momento do embarque que havia um item pendente.;Durante o processo de embarque, um dos itens pertencentes à carga foi inadvertidamente esquecido, ocasionando o embarque de forma parcial. A falha ocorreu durante a etapa de conferência/carregamento, não sendo identificado no momento do embarque que havia um item pendente.;PEX.LETICIAVITORIA;28/09/2026;18:08:16;ABERTO;3343;;;;AUSENCIA DE CONFERENCIA E CONTROLES;;PEX LOGÍSTICA;LOGISTICA INTERNA;2026-09
2394;28/09/2026;11:30:55;;OPERACAO;EXTRAVIO PARCIAL;MATTEL DO BRASIL LTDA;RAFAELLA;;;;A entrega na LKW foi realizada porem com dois volumes faltantes, nao sabemos se ja veio com falta da maersk ou se foi erro interno da portoex.;A entrega na LKW foi realizada porem com dois volumes faltantes, nao sabemos se ja veio com falta da maersk ou se foi erro interno da portoex.;SC.RAFAELLA;28/09/2026;11:30:55;ABERTO;302464;;;LETICIA VITORIA RIBEIRO DA SILVA;;;AZPORTOEX;OPERACAO;2026-09
2393;28/09/2026;11:26:18;;ATENDIMENTO;HORA PARADA;ASIA SHIPPING TRANSPORTES INTERNACIONAIS LTDA;RAFAELLA;;GUSTAVO OLIVEIRA;;aguardamos quase 2h e a carga nao foi descarregada. Retiramos o veiculo do local e reprogramamos para o dia seguinte.;aguardamos quase 2h e a carga não foi descarregada. Retiramos o veiculo do local e reprogramamos para o dia seguinte.;SC.RAFAELLA;28/09/2026;11:26:18;ABERTO;302364;;;GUSTAVO ARRUDA DA SILVEIRA;;;AZPORTOEX;ATENDIMENTO;2026-09
2392;24/09/2026;09:37:18;;OPERACAO;CLIENTE AUSENTE;ANSELL BRAZIL LTDA.;RAFAELLA;;RODRIGO NASCIMENTO;;Ambas estavam programadas para entrega no dia 23/09 porem era feriado na cidade os locais estavam fechados. Operacao nao verificou com o cliente no dia anterior se estariam disponiveis pra receber.;Ambas estavam programadas para entrega no dia 23/09 porem era feriado na cidade os locais estavam fechados. Operação nao verificou com o cliente no dia anterior se estariam disponiveis pra receber.;SC.RAFAELLA;24/09/2026;09:37:18;ABERTO;301179,301801;;;JULIA CAROLINE;;;AZPORTOEX;OPERACAO;2026-09
2391;24/09/2026;09:32:39;;COMERCIAL;ENDERECO DE COLETA ERRADO;F.L.T. FASTLINK TELECOM IMPORTACAO E EXPORTACAO LTDA.;RAFAELLA;02/10/2026;URIEL CORREA;;Chegamos no local de coleta informado na OC, porem apos aguardar 1h fomos informados que a mercadoria nao estava naquele local. Reprogramamos a coleta para a tarde e o pessoal nos informou que a mercadoria so ficaria pronta no dia seguinte as 17h;Chegamos no local de coleta informado na OC, porem após aguardar 1h fomos informados que a mercadoria nao estava naquele local. Reprogramamos a coleta para a tarde e o pessoal nos informou que a mercadoria só ficaria pronta no dia seguinte as 17h;SC.RAFAELLA;24/09/2026;09:32:39;ABERTO;;115366;;TIAGO GABRIEL SANTANA;FALHA NA COMUNICACAO ENTRE SETORES;Criar processo interligado entre OPERACIONAL, ATENDIMENTO, COMERCIAL e CONTROLADORIA, para que no ato da ocorrencia seja compartilhado com o atendimento, comercial e controladoria, para que imediatamente o comercial identifique se sera cobrado algo do cliente, com base no custo que essa ocorrencia gerou, sendo este informado pela controladoria. O custo precisa chegar ao comercial, obrigatoriamente. Neste caso especifico, nao houve compartilhamento deste custo com nenhum setor.;AZPORTOEX;COMERCIAL;2026-09
2390;23/09/2026;17:40:25;;COMERCIAL;;KUKA PRODUTOS INFANTIS LTDA;ADRIANA VIEIRA;;;;Frete Cortesia solicitado pelo Cliente para envio de material de Amostra. Autorizado pelo Executivo Caio.;Nao vejo a necessidade de ter sido gerado uma N.C para uma cortesia.;URIEL;01/10/2026;09:54:24;FINALIZADA;302353;;;;;Nao ha plano de acao, foi algo autorizado pelo comercial, sendo esta uma cortesia de cunho estrategico;AZPORTOEX;COMERCIAL;2026-09
2389;23/09/2026;10:12:24;;COMERCIAL;ERRO DE EMISSAO DO CTE;UNIAO TECNICA DE ABRASIVOS LTDA;JULIA;01/10/2026;URIEL CORREA;;A cotacao foi liberada com o tomador do CT-e incorreto, sendo considerado o mesmo cliente, porem com um CNPJ diferente do informado para o comercial. Dessa forma, foi necessaria a reemissao do CT-e com o CNPJ correto, conforme orientacao do cliente. Os custos gerados pela nova emissao serao direcionados ao centro de custo Comercial.;Finalizado, visto terma já ter sido tratado com a Sabrina.;URIEL;01/10/2026;09:53:15;FINALIZADA;301433;;;;AUSENCIA DE CONFERENCIA E CONTROLES;Tratado diretamente com a executiva de vendas Sabrina, para que tenhamos mais atencao no ato da liberacao da cotacao, uma vez que temos diversos clientes que possuem o mesmo nome, mas CNPJ s diferentes.;AZPORTOEX;COMERCIAL;2026-09
2388;23/09/2026;09:51:56;;COMERCIAL;OPERACAO CANCELADA;SUNGROW DO BRASIL REPRESENTACAO COMERCIAL, INSTALA;RAFAELLA;01/10/2026;URIEL CORREA;;A operacao foi solicitada durante o dia, para ser um encaixe, foi solicitado a contratacao de terceiro mas pela disponibilidade do frota seguimos com a programacao. Quando chegamos na coleta aguardamos aproximadamente 1h e quando fomos pedir ajuda ao atendimento fomos informados de que a operacao havia sido declinada pelo cliente.;Plano de acao ja existente no setor de atendimento, identificado via fone com a coordenadora Brenda.;URIEL;01/10/2026;10:08:44;FINALIZADA;;;;LUCAS RAFAEL DA SILVA;FALHA NA COMUNICACAO ENTRE SETORES;Nao ha plano de acao a ser criado, pois ele ja existe no time de atendimento, onde sempre que houver algum evento deste calibre, deve-se comunicar ao comercial, ja envolvendo a controladoria para identificar o custo gerado.;AZPORTOEX;COMERCIAL;2026-09
2387;22/09/2026;10:09:03;;OPERACAO;NAO COUBE NO VEICULO;ALLINK TRANSPORTES INTERNACIONAIS LTDA;RAFAELLA;;ANDRE LUIS;;A mercadoria nao foi carregada no veiculo.;Carga não foi embarcada porque o caixote, pela altura não comportava no veículo e não decidida por alguém a deixar de fora por algum outro motivo. A situação foi sinalizada no grupo e repassada ao João Gabriel no momento. Históricos estão no grupo do Whats em 17/09.;SC.ANDRE;29/09/2026;16:59:37;EM ATENDIMENTO;301489;;;GUSTAVO ARRUDA DA SILVEIRA;FALTA DE MONITORAMENTO DA OPERACAO;;AZPORTOEX;OPERACAO;2026-09
2386;21/09/2026;17:25:44;;FILIAL;CARGA PARADA NA BASE;ITACORDA INDUSTRIA E COMERCIO DE CORDAS LTDA;EDUARDA DIAS;;MARCOS BLAUTH;;A NF 164007 foi coletada em 02/03, com entrega agendada para 10/03. A baixa foi realizada com comprovante incorreto, sem identificacao da divergencia. Em 13/08, apos solicitacao do comprovante, constatamos o erro e iniciamos buscas, sem localizar o documento. Apos contato com a Luisaury, foi informado que a carga nao havia sido recebida. Em 25/08, a filial informou nao localizar a mercadoria. Em 17/09, apos solicitacao de ressarcimento, identificamos que a carga permanecia na filial.;A NF 164007 foi coletada em 02/03, com entrega agendada para 10/03. A baixa foi realizada com comprovante incorreto, sem identificação da divergência. Em 13/08, após solicitação do comprovante, constatamos o erro e iniciamos buscas, sem localizar o documento. Após contato com a Luisaury, foi informado que a carga não havia sido recebida. Em 25/08, a filial informou não localizar a mercadoria. Em 17/09, após solicitação de ressarcimento, identificamos que a carga permanecia na filial.;SC.EDUARDADIAS;21/09/2026;17:25:44;ABERTO;273435;;;EDUARDA DIAS DE OLIVEIRA;AUSENCIA DE CONFERENCIA E CONTROLES;;AZPORTOEX;FILIAL;2026-09
30;21/09/2026;16:00:01;;OPERACAO;;AC COMERCIAL IMPORTADORA E EXPORTADORA LTDA;JULIA;;RODRIGO SILVA;;Duas entregas agendadas para o mesmo dia e horario, com ISAs diferentes, tiveram as informacoes de NF/ISA trocadas no repasse aos motoristas, que se apresentaram ao cliente com dados incorretos, gerando demora na liberacao de entrada. Tambem houve falha na contratacao de ajudantes, atrasando o inicio da descarga. Os atrasos geraram diaria extra de carreta e truck, com prejuizo de R$2.600,00. Centro de custo: OPERACAO.;Duas entregas agendadas para o mesmo dia e horário, com ISAs diferentes, tiveram as informações de NF/ISA trocadas no repasse aos motoristas, que se apresentaram ao cliente com dados incorretos, gerando demora na liberação de entrada. Também houve falha na contratação de ajudantes, atrasando o início da descarga. Os atrasos geraram diária extra de carreta e truck, com prejuízo de R$2.600,00. Centro de custo: OPERAÇÃO.;PEX.JULIACAROLINE;21/09/2026;16:00:01;ABERTO;3199,3198;;;;;;PEX LOGÍSTICA;OPERACAO;2026-09
2385;21/09/2026;14:45:49;;CONTROLADORIA;EXTRAVIO PARCIAL;ANSELL BRAZIL LTDA.;JULIA;;;;Mercadoria chegou com falta de 2 volumes na base destino, a carga foi localizada na base de Londrina e estaremos embarcando para o destino correto. aparentemente a mercadoria foi trocada pela JEM.;;FG;29/09/2026;14:25:01;FINALIZADA;300079;;;;FATOR EXTERNO;"Por se tratar de uma falha operacional dentro do parceiro"" nao temos como criar um plano de acao efetivamente.""";AZPORTOEX;CONTROLADORIA;2026-09
2384;18/09/2026;16:35:31;;DIRETORIA;;HERCULES EQUIPAMENTOS DE PROTECAO LTDA;JULIA;;;;A multa foi gerada em decorrencia do novo processo de CIOT/Vale-Pedagio, implementado em abril/2026, sem que a equipe tivesse ciencia de como executa-lo corretamente para evitar a autuacao em nome do cliente. A equipe ja estava ciente do ocorrido e aguardava apenas o recebimento da cobranca para pagamento. Valor da multa: R$3.000,00. Centro de custo: GESTAO.;;BRUNA;23/09/2026;14:40:05;FINALIZADA;278705;;;;;;AZPORTOEX;DIRETORIA;2026-09
2383;18/09/2026;10:18:38;;LOGISTICA INTERNA;ERRO DE CONFERENCIA;MATTEL DO BRASIL LTDA;LETICIA;;ANDRE LUIS;;Durante a operacao, o parceiro identificou avarias em dois volumes da carga. Devido as condicoes apresentadas, os volumes nao seguiram para entrega e permaneceram retidos na operacao. Posteriormente, o cliente realizou a conferencia e alegou o recebimento com falta dos dois volumes.;;SC.ANDRE;21/09/2026;18:17:42;FINALIZADA;300813,296551;;;;ERRO DE CONFERENCIA;Como achamos e identificamos os itens durante o processo de conferencia e foi anterior a expedicao, nao houve erro de conferencia! As avarias quando ocorrem sao por conta de estruturas inadequadas ou pessoal nao qualificado. Nesses casos, infelizmente fazem parte do processo, e estaremos repassando aos conferentes e pessoal envolvido, para minimizar ao maximo essas ocorrencias!;AZPORTOEX;LOGISTICA INTERNA;2026-09
2382;18/09/2026;10:03:58;;OPERACAO;;ASIA SHIPPING TRANSPORTES INTERNACIONAIS LTDA;JULIA;;RODRIGO NASCIMENTO;;O motorista da plataforma PX, mesmo orientado pela operacao a nao permanecer na fila e seguir diretamente ao gate por possuir prioridade (veiculo plotado), permaneceu na fila e deu entrada no porto apos a meia-noite. O atraso resultou em custo extra de armazenagem cobrado ao cliente pelo porto, posteriormente repassado a Portoex. Valor cobrado: R$ 339,00 que sera centro de custo operacional.;O motorista da plataforma PX, mesmo orientado pela operação a não permanecer na fila e seguir diretamente ao gate por possuir prioridade (veiculo plotado), permaneceu na fila e deu entrada no porto após a meia-noite. O atraso resultou em custo extra de armazenagem cobrado ao cliente pelo porto, posteriormente repassado à Portoex. Valor cobrado: R$ 339,00 que será centro de custo operacional.;SC.JULIA;18/09/2026;10:03:58;ABERTO;;;;;;;AZPORTOEX;OPERACAO;2026-09
2380;18/09/2026;09:55:05;;ATENDIMENTO;DEMORA LIBERACAO DA COLETA;ALLINK TRANSPORTES INTERNACIONAIS LTDA;RAFAELLA;;BRENDA ELICIA FREIRES MARQUES;;Chegamos no local da programacao e fomos informados que o endereco era outro. Fomos para o outro, ficamos 1h aguardando e fomos informados que tambem nao era la. Quando chegamos no correto, o pessoal informou que 3 volumes estavam no primeiro endereco que fomos. Estivemos em 3 lugares diferentes e em um deles tivemos que ir 2 vezes, alem do tempo que passamos, pois chegamos no primeiro local as 15:04 e so finalizamos a coleta de fato as 17:34.;;BRENDA;25/09/2026;14:02:35;FINALIZADA;;115116;;GUSTAVO ARRUDA DA SILVEIRA;;Nao tem plano de acao, ocorrencia ocasionada pelo cliente. Cobranca de R$250 reais realizada na MD 302691;AZPORTOEX;ATENDIMENTO;2026-09
29;17/09/2026;16:29:56;;ATENDIMENTO;;AUTEL BRASIL TECNOLOGIA LTDA;LETICIA;;BRENDA ELICIA;;Falha na tratativa do endereco de entrega O parceiro realizou a tentativa de entrega no endereco que constava no CT-e porem, durante a analise, identificamos que o endereco correto havia sido informado previamente no momento da cotacao inclusive preenchido no campo especifico de endereco de entrega A informacao correta entretanto, nao foi considerada no momento da cotacao pelo Comercial e tambem nao foi identificada pelo Atendimento ocasionando a o direcionamento do parceiro ao local incorreto.;tivemos outras operações, e não tivemos mais o mesmo erro.;PEX.BRENDAELICIA;25/09/2026;14:24:58;FINALIZADA;3116;;;;Falha na conferencia e validacao das informacoes de endereco durante o processo comercial e operacional.;Reforcar com os times Comercial e Atendimento a necessidade de validar o endereco informado na cotacao e no campo de endereco de entrega antes da emissao do CT-e e programacao da operacao, garantindo que as informacoes utilizadas na documentacao estejam de acordo com a solicitacao original do cliente.;PEX LOGÍSTICA;ATENDIMENTO;2026-09
2379;17/09/2026;09:53:53;;ATENDIMENTO;;CREMER S.A.;RAFAELLA;;BRENDA ELICIA FREIRES MARQUES;;A coleta nao foi realizada pois precisava de agendamento e senha para ser realizada.;;BRENDA;25/09/2026;14:04:52;FINALIZADA;;;;JULIA CAROLINE;;Cliente pediu para seguir a coleta mesmo sabendo que o cliente tinha agendamento. Chegamos la nao foi possivel coletar. Como da Ansell nao cobramos, esse caso nao foi repassado nenhum custo.;AZPORTOEX;ATENDIMENTO;2026-09
2378;17/09/2026;09:49:33;;OPERACAO;;HERCULES EQUIPAMENTOS DE PROTECAO LTDA;RAFAELLA;;RODRIGO NASCIMENTO;;A entrega foi recusada pois chegamos no local apos o horario de recebimento.;A entrega foi recusada pois chegamos no local após o horario de recebimento.;SC.RAFAELLA;17/09/2026;09:49:33;ABERTO;300314;;;JULIA CAROLINE;;;AZPORTOEX;OPERACAO;2026-09
2377;17/09/2026;09:48:20;;OPERACAO;;ANSELL BRAZIL LTDA.;RAFAELLA;;ANDRE LUIS;;A mercadoria foi recusada pois foi carregada com 1 volume faltando.;A mercadoria foi recusada pois foi carregada com 1 volume faltando.;SC.RAFAELLA;17/09/2026;09:48:20;ABERTO;298304;;;JULIA CAROLINE;FALTA DE MONITORAMENTO DA OPERACAO;;AZPORTOEX;OPERACAO;2026-09
2376;16/09/2026;16:00:56;;OPERACAO;;LTECH COMERCIO DE ACESSORIOS LTDA;DOUGLAS;;RODRIGO NASCIMENTO;;veiculo que estava programado para seguir com a coleta teve problemas onde as 16:00 hrs foi solicitado a troca dos dados, porem o motorista acabou se apresentando antes do nosso ok de liberacao.;veiculo que estava programado para seguir com a coleta teve problemas onde as 16:00 hrs foi solicitado a troca dos dados, porem o motorista acabou se apresentando antes do nosso ok de liberação.;SC.DOUGLAS;16/09/2026;16:00:56;ABERTO;279140;;;;motorista se apresentou antes do ok para carregamento;ja tomamos a acao de sempre solicitar a liberacao o quanto antes, e os motorista orientados para nao se apresentar antes do nosso ok de liberado, para seguir com a coleta.;AZPORTOEX;OPERACAO;2026-09
2375;16/09/2026;10:31:01;;LOGISTICA INTERNA;;GENESIS CARGAS;RAFAELLA;;ANDRE LUIS;;A mercadoria havia sido retirada da JEM no dia anterior para seguir com entrega no dia 15, porem a expedicao nao carregou pois alegou que a mercadoria ainda estava em transito e nao havia chegado na base.;A mercadoria havia sido retirada da JEM no dia anterior para seguir com entrega no dia 15, porem a expedição nao carregou pois alegou que a mercadoria ainda estava em transito e nao havia chegado na base.;SC.RAFAELLA;16/09/2026;10:31:01;ABERTO;301042;;;LUCAS RAFAEL DA SILVA;;;AZPORTOEX;LOGISTICA INTERNA;2026-09
2373;16/09/2026;10:23:56;;COMERCIAL;;ITACORDA INDUSTRIA E COMERCIO DE CORDAS LTDA;RAFAELLA;;URIEL CORREA;;A coleta estava programada para um veiculo 3/4, porem quando chegamos no local a mesma tinha 2 paletes de 2 metros de altura cada, e nao coube no veiculo. A informacao referente ao tamanho da mercadoria nao foi repassada para a operacao.;A coleta estava programada para um veiculo 3/4, porem quando chegamos no local a mesma tinha 2 paletes de 2 metros de altura cada, e nao coube no veiculo. A informação referente ao tamanho da mercadoria nao foi repassada para a operação.;SC.RAFAELLA;16/09/2026;10:23:56;ABERTO;301054,301053;;;MAYARA SOUZA DE OLIVEIRA;;;AZPORTOEX;COMERCIAL;2026-09
2370;15/09/2026;15:40:08;;OPERACAO;ERRO DE EMISSAO DO CTE;GOFRETES INTERMEDIACAO LTDA;ADRIANA VIEIRA;;;;Nf chegou em nossa Base SPO, sem o tomador do frete, houve uma solicitacao de coleta atraves da Plataforma ( Frete Click ) inicialmente emitido para o mesmo , depois de akguns dias a Plataforma Go Fretes solicitou coleta para a mesma NF 2503, a mesma foi desconsiderada pois ja havia emissao com este numero de nota. Ao receber a cobranca o Cliente Frete Click, informou que nao era responsavel pelo frete.;Nf chegou em nossa Base SPO, sem o tomador do frete, houve uma solicitação de coleta atraves da Plataforma ( Frete Click ) inicialmente emitido para o mesmo , depois de akguns dias a Plataforma Go Fretes solicitou coleta para a mesma NF 2503,  a mesma foi desconsiderada pois ja havia emissão com este numero de nota. Ao receber a cobrança o Cliente Frete Click, informou que não era responsavel pelo frete.;SC.ADRIANA;15/09/2026;15:40:08;ABERTO;300697;;;ADRIANA VIEIRA;;Essa foi uma confusao entre as proprias plataformas, cliente orcou nas duas e gerou isso, GO fretes nao e mais nosso cliente. (Foi demitido).;AZPORTOEX;OPERACAO;2026-09
2369;15/09/2026;10:04:38;;LOGISTICA INTERNA;;MAERSK LOGISTICS & SERVICES BRASIL LTDA.;RAFAELLA;;ANDRE LUIS;;Na data de ontem, precisavamos decarregar o veiculo FRP e carregar com a carga de Laurentino, que estava na base. Porem no momento do carregamento foi carregada a carga da AMALOG no FRP e a carga correta estava no QHC, veiculo que nao havia sido descarregado na sexta-feira.;Na data de ontem, precisavamos decarregar o veiculo FRP e carregar com a carga de Laurentino, que estava na base. Porem no momento do carregamento foi carregada a carga da AMALOG no FRP e a carga correta estava no QHC, veiculo que nao havia sido descarregado na sexta-feira.;SC.RAFAELLA;15/09/2026;10:04:38;ABERTO;300810;;;JULIA CAROLINE;;;AZPORTOEX;LOGISTICA INTERNA;2026-09
2368;15/09/2026;10:00:46;;COMERCIAL;OPERACAO CANCELADA;ALTONA ENGENHARIA INDUSTRIAL LTDA;RAFAELLA;;URIEL CORREA;;A operacacao foi cancelada, porem ja haviamos contratado veiculo para a mesma. A operacao foi reprogramada e aconteceu na segunda-feira, proem com outro parceiro.;;URIEL;01/10/2026;10:27:46;FINALIZADA;;;;DOUGLAS KAHLER;FALHA NA COMUNICACAO ENTRE SETORES;Primeiramente o cliente correto seria Cronos, e nao Altona. Segundo ponto, o custo gerado nao chegou ao comercial, ou seja, essa comunicacao, e seguir o processo precisa acontecer. Comercialmente nesse caso nao vejo plano de acao que podemos criar, quando este ja existe.;AZPORTOEX;COMERCIAL;2026-09
2365;15/09/2026;09:52:10;;ATENDIMENTO;DEMORA LIBERACAO DA COLETA;ESAB INDUSTRIA E COMERCIO LTDA;RAFAELLA;;BRENDA ELICIA FREIRES MARQUES;;A NF 126 da ESAB estava programada para coleta porem os dados do motorista nao haviam sido enviados, por isso nao conseguimos coletar. Retornamos mais tarde e o cliente ficou nos segurando por 1h, saimos sem coletar.;;BRENDA;25/09/2026;14:37:42;FINALIZADA;;;;EDUARDA DIAS DE OLIVEIRA;;Os dados sao enviados no dia da coleta, e nesse caso a coleta estava para as 9, e fomos avisados quando o veiculo estava no local. Pela programacao o veiculo nao foi retirado, aguardamos das 08:40 as 10:31. O Tecadi pede pelo menos 1 hora para atualizacao e liberacao da demanda apos o envio dos dados, e o mesmo foi enviado as 09:12.;AZPORTOEX;ATENDIMENTO;2026-09
2363;15/09/2026;09:45:09;;COMERCIAL;OPERACAO CANCELADA;SIDRASUL COMERCIAL E IMPORTADORA;RAFAELLA;01/10/2026;URIEL CORREA;;A coleta estava programada, porem nao havia sido emitida nota fiscal. Apos ficarmos 4h no local aguardando fomos informados que a operacao havia sido cancelada.;Caso deveria ser tratado como ocorrencia, nao como N.C.;URIEL;01/10/2026;10:45:30;FINALIZADA;;;;HAUAN ARAUJO ROCHA DA SILVA;FATOR EXTERNO;30% do valor da negociacao cobrado na MD 301274.;AZPORTOEX;COMERCIAL;2026-09
2362;15/09/2026;09:41:01;;ATENDIMENTO FILIAL;;CASA MEDITERRANEA WINERIE & CO. COMERCIO E SERVICOS DIGITAIS;RAFAELLA;;ADRIANA VIEIRA;;O endereco de entrega informado na documentacao estava incorreto. Conseguimos contato com o cliente que nos informou a localizacao correta.;O endereço de entrega informado na documentação estava incorreto. Conseguimos contato com o cliente que nos informou a localização correta.;SC.RAFAELLA;15/09/2026;09:41:01;ABERTO;299847;;;ADRIANA VIEIRA;;;AZPORTOEX;ATENDIMENTO;2026-09
2361;14/09/2026;17:27:41;;LOGISTICA INTERNA;;ASIA SHIPPING TRANSPORTES INTERNACIONAIS LTDA;RAFAELLA;;ANDRE LUIS;;Na emissao costavam dois processos, porem somente um deles foi entregue. O cliente assinou o comprovante de acordo, porem uma das cargas foi localizada na base agora a tarde.;Na emissão costavam dois processos, porem somente um deles foi entregue. O cliente assinou o comprovante de acordo, porem uma das cargas foi localizada na base agora a tarde.;SC.RAFAELLA;14/09/2026;17:27:41;ABERTO;300677;;;GUSTAVO ARRUDA DA SILVEIRA;;;AZPORTOEX;LOGISTICA INTERNA;2026-09
2360;14/09/2026;15:53:50;;OPERACAO;;BSG BIJOU BRASIL COMERCIO VAREJISTA LTDA BASE SAO PAULO;RAFAELLA;;RODRIGO NASCIMENTO;;A mercadoria nao foi embarcada no dia em que estava programada, e quando foi reprogramada nao foi repassada que era um expresso para a filial. Foi gerado um custo de R$ 325,00 para seguir com a entrega.;A mercadoria nao foi embarcada no dia em que estava programada, e quando foi reprogramada nao foi repassada que era um expresso para a filial. Foi gerado um custo de R$ 325,00 para seguir com a entrega.;SC.RAFAELLA;14/09/2026;15:53:50;ABERTO;299610;;;MAYARA SOUZA DE OLIVEIRA;;;AZPORTOEX;OPERACAO;2026-09
2359;14/09/2026;15:40:19;;OPERACAO;AVARIA PARCIAL;MATTEL DO BRASIL LTDA;LETICIA;;ANDRE LUIS;;No ato da entrega, o destinatario identificou avaria no volume e, devido as condicoes apresentadas pela mercadoria, optou pela recusa do recebimento. O volume foi devolvido pelo destinatario para nossa base, sendo necessaria a tratativa da ocorrencia e posterior direcionamento conforme orientacao do responsavel pela carga.;;SC.ANDRE;21/09/2026;18:11:59;FINALIZADA;299786;;;;ERRO DE CONFERENCIA;Sera repassado aos conferentes a necessidade de se embarcar de forma correta cada tipo de produto e efetuar os carregamentos conforme padrao de excelencia, porem nao tem como saber se houve descaso ou imprudencia por parte da equipe de descarga, uma vez que saiu daqui em boas condicoes!;AZPORTOEX;OPERACAO;2026-09
2358;14/09/2026;15:27:25;;OPERACAO;ERRO DE CONFERENCIA;MATTEL DO BRASIL LTDA;LETICIA;;ANDRE LUIS;;Foi identificada uma falha no processo de conferencia da carga, uma vez que, durante a conferencia realizada anteriormente, nao foi sinalizada a falta de 2 caixas/volumes referentes a mercadoria. A divergencia somente foi identificada no momento da entrega, quando o cliente realizou a conferencia no recebimento e constatou a ausencia dos 2 volumes, optando pela recusa integral da carga.;Foi identificada uma falha no processo de conferência da carga, uma vez que, durante a conferência realizada anteriormente, não foi sinalizada a falta de 2 caixas/volumes referentes à mercadoria. A divergência somente foi identificada no momento da entrega, quando o cliente realizou a conferência no recebimento e constatou a ausência dos 2 volumes, optando pela recusa integral da carga.;SC.LETICIA;14/09/2026;15:27:25;ABERTO;300855,296804;;;;ERRO DE CONFERENCIA;;AZPORTOEX;OPERACAO;2026-09
2357;11/09/2026;15:09:24;;OPERACAO;;WINEOCLOCK COMERCIO E IMPORTACAO DE BEBIDAS LTDA;LETICIA;;ANDRE LUIS;;NF 3271 - Durante o processo de separacao da nota fiscal, foi identificada uma divergencia na conferencia dos volumes, ocasionando a troca de uma das caixas e, consequentemente, o direcionamento de um item incorreto para o embarque.;NF 3271 - Durante o processo de separação da nota fiscal, foi identificada uma divergência na conferência dos volumes, ocasionando a troca de uma das caixas e, consequentemente, o direcionamento de um item incorreto para o embarque.;SC.LETICIA;11/09/2026;15:09:24;ABERTO;;;;;Falha no processo de conferencia e separacao dos volumes antes do embarque;;AZPORTOEX;OPERACAO;2026-09
28;10/09/2026;16:41:45;;OPERACAO FILIAL;;MAC FER INDUSTRIA E COMERCIO LTDA;EDUARDA DIAS;;PABLO GUSTAVO;;Gentileza, notar que, durante a realizacao da entrega da NF 46700, ocorreu uma avaria no item durante a operacao por conta do manuseio descuidado, impossibilitando a conclusao da entrega do material em condicoes adequadas.;Gentileza, notar que, durante a realização da entrega da NF 46700, ocorreu uma avaria no item durante a operação por conta do manuseio descuidado, impossibilitando a conclusão da entrega do material em condições adequadas.;PEX.EDUARDA;10/09/2026;16:41:45;ABERTO;2819;;;EDUARDA DIAS;AUSENCIA DE CONFERENCIA E CONTROLES;;PEX LOGÍSTICA;OPERACAO;2026-09
2356;10/09/2026;15:03:47;;OPERACAO;;MATTEL DO BRASIL LTDA;LETICIA;;ANDRE LUIS;;Durante a conferencia da carga, foi identificada uma divergencia na composicao dos volumes: um dos volumes relacionados as notas fiscais nao foi localizado, enquanto foi identificado um volume excedente que nao correspondia a carga prevista, caracterizando uma possivel troca de volumes durante o processo operacional.;Durante a conferência da carga, foi identificada uma divergência na composição dos volumes: um dos volumes relacionados às notas fiscais não foi localizado, enquanto foi identificado um volume excedente que não correspondia à carga prevista, caracterizando uma possível troca de volumes durante o processo operacional.;SC.LETICIA;10/09/2026;15:03:47;ABERTO;298834;;;;ERRO DE CONFERENCIA;;AZPORTOEX;OPERACAO;2026-09
2355;10/09/2026;14:59:54;;OPERACAO;;MATTEL DO BRASIL LTDA;LETICIA;;ANDRE LUIS;;Durante a conferencia da carga em nossa base, os volumes foram validados conforme a documentacao e nao foi identificada nenhuma divergencia. Entretanto, no momento da entrega ao destinatario, foi apontada uma sobra de volume, divergindo da quantidade informada na documentacao da carga.;Durante a conferência da carga em nossa base, os volumes foram validados conforme a documentação e não foi identificada nenhuma divergência. Entretanto, no momento da entrega ao destinatário, foi apontada uma sobra de volume, divergindo da quantidade informada na documentação da carga.;SC.LETICIA;10/09/2026;14:59:54;ABERTO;294791,294790,294787;;;;ERRO DE CONFERENCIA;;AZPORTOEX;OPERACAO;2026-09
2354;10/09/2026;11:38:00;;OPERACAO;;MATTEL DO BRASIL LTDA;LETICIA;;ANDRE LUIS;;Durante o processo de entrega, na conferencia realizada pelo parceiro junto ao destinatario, foi identificada uma divergencia na quantidade de volumes, sendo apontada a presenca de volume excedente (sobra) em relacao ao quantitativo informado na documentacao da carga. Ressaltamos que a carga havia sido conferida previamente em nossa base, sem identificacao da referida divergencia naquele momento.;Durante o processo de entrega, na conferência realizada pelo parceiro junto ao destinatário, foi identificada uma divergência na quantidade de volumes, sendo apontada a presença de volume excedente (sobra) em relação ao quantitativo informado na documentação da carga. Ressaltamos que a carga havia sido conferida previamente em nossa base, sem identificação da referida divergência naquele momento.;SC.LETICIA;10/09/2026;11:38:00;ABERTO;294308,294592,294592,282244,294589,291348,299672;;;;ERRO DE CONFERENCIA;;AZPORTOEX;OPERACAO;2026-09
2353;09/09/2026;16:46:32;;OPERACAO;;ITACORDA INDUSTRIA E COMERCIO DE CORDAS LTDA;DOUGLAS;;MARCOS BLAUTH;;Conforme solicitado pela Itacorda, foi realizada a devolucao de 22 NFs que estavam na filial. Porem, durante o processo, a devolucao foi efetivada para todas as NFs vinculadas ao CTe. Posteriormente, o cliente solicitou a coleta e entrega de parte dessas NFs, que ja se encontravam na Itacorda, sendo necessaria uma nova tratativa para atendimento. Foi necessario realizar uma nova operacao para coleta e entrega das mercadorias, gerando retrabalho operacional e possivel impacto no prazo de atendime;Conforme solicitado pela Itacorda, foi realizada a devolução de 22 NFs que estavam na filial. Porém, durante o processo, a devolução foi efetivada para todas as NFs vinculadas ao CTe. Posteriormente, o cliente solicitou a coleta e entrega de parte dessas NFs, que já se encontravam na Itacorda, sendo necessária uma nova tratativa para atendimento. Foi necessário realizar uma nova operação para coleta e entrega das mercadorias, gerando retrabalho operacional e possível impacto no prazo de atendime;SC.DOUGLAS;09/09/2026;16:46:32;ABERTO;291102;;;;FALHA NA COMUNICACAO ENTRE SETORES;Revisto todo o processo de inventario interno tanto filial quanto comunicacao e responsabilidades Filial/Matriz, foi passado a responsabilidade da Filial para o encarregado Hauan, o qual revisara todas as ocorrencias apos filtros preliminares e acompanhara cada um;AZPORTOEX;OPERACAO;2026-09
2351;08/09/2026;14:57:00;;GR/FROTA;;HGS GAS E AGUA DO BRASIL LTDA;LEANDRO OSMAR BERNDT;08/09/2026;LEANDRO OSMAR;;VEICULO PERDEU SINAL EM MOVIMENTO (21:05 DE 02/09), MOTORISTA ( Alex Alves Pinto) NAO ATENDIA E NEM RESPONDIA MENSAGENS, FOI PRECISO ACIONAR PRONTA PARA LOCALIZAR O VEICULO E VERIFICAR SE ESTAVA TUDO BEM, O MESMO INFOMOU A RASTER QUE IRIA PARAR PARA PERNOITE.;;LEANDRO;24/09/2026;14:09:55;FINALIZADA;;;;;;o siatema de ia nao acusou a perca de sinal, ja entramos em contato com prestador para ajustar e conversei com a equipe sobre o ocorrido e alguns ajustes;AZPORTOEX;GR/FROTA;2026-09
2350;08/09/2026;13:40:17;;ATENDIMENTO;ERRO DE PROGRAMACAO DO GESTOR DA CONTA DO CLIENTE;VITOR GABRIEL FERRI;JULIA CAROLINE;;BRENDA ELICIA FREIRES MARQUES;;A coleta da carga estava agendada para 31/08, nao foi programada por falha no atendimento, e o erro so foi identificado na noite do mesmo dia. Como o periodo de armazenagem ja pago vencia em 31/08, foi necessario pagar armazenagem complementar de R$75,00 para retirar a carga do recinto. A coleta foi realizada em 01/09 e a entrega ao cliente ocorreu em 03/09/2026, dentro do prazo. Centro de custo: ATENDIMENTO.;;BRENDA;25/09/2026;14:09:46;FINALIZADA;;;;GUSTAVO ARRUDA DA SILVEIRA;NAO CUMPRIMENTO DO PROCESSO;Foi conversado com a pessoa devido a falta de cumprimento do processo. O mesmo colocou no local errado da planilha e nao se atentou.;AZPORTOEX;ATENDIMENTO;2026-09
2349;08/09/2026;13:13:01;;OPERACAO;NO SHOW AGENDAMENTO;ARTHUR HENRIQUE DA SILVA;JULIA CAROLINE;;RODRIGO NASCIMENTO;;O motorista atrasou a apresentacao do veiculo na janela agendada para carregamento no armazem Multilog (Itajai/SC), com entrada registrada apos o horario previsto, o que gerou noshow na senha e reprogramacao do carregamento para o mesmo dia, a noite. A Multilog cobrou taxa de reprogramacao de senha pelo atraso no registro de entrada. A Portoex contestou inicialmente, mas apos verificacao interna decidiu assumir o custo, no valor de R$226,83. Centro de custo responsavel: OPERACAO.;O motorista atrasou a apresentação do veículo na janela agendada para carregamento no armazém Multilog (Itajaí/SC), com entrada registrada após o horário previsto, o que gerou noshow na senha e reprogramação do carregamento para o mesmo dia, à noite. A Multilog cobrou taxa de reprogramação de senha pelo atraso no registro de entrada. A Portoex contestou inicialmente, mas após verificação interna decidiu assumir o custo, no valor de R$226,83. Centro de custo responsável: OPERAÇÃO.;SC.JULIA;08/09/2026;13:13:01;ABERTO;296071;;;;;;AZPORTOEX;OPERACAO;2026-09
2348;08/09/2026;11:30:17;;ATENDIMENTO;;IGP - CLINI COMERCIO, IMPORTACAO E REPRESENTACAO DE BICICLET;RAFAELLA;;LETICIA VITORIA RIBEIRO DA SILVA;;O endereco de entrega informado no CT-e estava para Indaial, porem a entrega era em Timbo, conforme mencionado na planilha.;O endereço de entrega informado no CT-e estava para Indaial, porem a entrega era em Timbó, conforme mencionado na planilha.;SC.RAFAELLA;08/09/2026;11:30:18;ABERTO;299570;;;LUCAS RAFAEL DA SILVA;;;AZPORTOEX;ATENDIMENTO;2026-09
27;04/09/2026;11:31:53;;LOGISTICA INTERNA;;BRAFT DO BRASIL IMPORTACAO E EXPORTACAO;RAFAELLA;;SISTEMA;;A mercadoria foi separada erradamente na coleta e foi enviada junto com a transferencia para a filial de SP.;A mercadoria foi separada erradamente na coleta e foi enviada junto com a transferencia para a filial de SP.;PEX.RAFAELLASTEPHANY;04/09/2026;11:31:53;ABERTO;2910;;;JULIA CAOLINE;;;PEX LOGÍSTICA;LOGISTICA INTERNA;2026-09
2346;04/09/2026;11:25:07;;LOGISTICA INTERNA;;ITACORDA INDUSTRIA E COMERCIO DE CORDAS LTDA;RAFAELLA;;ANDRE LUIS;;Devolucao da itacorda programada para entrega no dia 03/09 nao foi carregada no veiculo.;Devolução da itacorda programada para entrega no dia 03/09 nao foi carregada no veiculo.;SC.RAFAELLA;04/09/2026;11:25:07;ABERTO;299439;;;MAYARA SOUZA DE OLIVEIRA;;;AZPORTOEX;LOGISTICA INTERNA;2026-09
2345;04/09/2026;11:21:08;;LOGISTICA INTERNA;;HERCULES EQUIPAMENTOS DE PROTECAO LTDA;RAFAELLA;;ANDRE LUIS;;As mercadorias nao foram entregues na data agendada pois nao foram carregadas pela expedicao, as mesmas foram encontradas na nossa base.;As mercadorias nao foram entregues na data agendada pois nao foram carregadas pela expedição, as mesmas foram encontradas na nossa base.;SC.RAFAELLA;04/09/2026;11:21:08;ABERTO;298719,298304;;;JULIA CAROLINE;;;AZPORTOEX;LOGISTICA INTERNA;2026-09
2344;04/09/2026;11:18:42;;ATENDIMENTO;ERRO DE PROGRAMACAO DO GESTOR DA CONTA DO CLIENTE;MRCEGLIA IMPORTACAO E SERVICOS LTDA - ME;RAFAELLA;;LUCAS RAFAEL DA SILVA;;A mercadoria foi programada para entrega, porem nao foi localizada pela expedicao. No dia seguinte quando iria ser carregada para entrega no dia 04/09, foi notado pela expedicao que a carga foi devolvida para a RAW, e por esse motivo ela nao se encontra na base.;;BRENDA;25/09/2026;14:31:04;FINALIZADA;299433;;;LUCAS RAFAEL DA SILVA;NAO CUMPRIMENTO DO PROCESSO;Cliente havia solicitado a devolucao do material para o estoque, e nao foi retirada da programacao. Ja conversado com a pessoal;AZPORTOEX;ATENDIMENTO;2026-09
2343;04/09/2026;11:15:15;;LOGISTICA INTERNA;;MATTEL DO BRASIL LTDA;RAFAELLA;;ANDRE LUIS;;A mercadoria foi entregue, porem no ato da conferencia foi notado a falta de 34 volumes, os quais foram encontrados aqui na base em um pallet. A carga foi dividida em 2 paletes, porem no ato da programacao foi informado que era apenas 1. Na identificacao dos paletes tinha a informacao 1/2, 2/2, porem nao foi notado pela expedicao e passou batido.;A mercadoria foi entregue, porem no ato da conferencia foi notado a falta de 34 volumes, os quais foram encontrados aqui na base em um pallet. A carga foi dividida em 2 paletes, porem no ato da programação foi informado que era apenas 1. Na identificação dos paletes tinha a informação 1/2, 2/2, porem nao foi notado pela expedição e passou batido.;SC.RAFAELLA;04/09/2026;11:15:15;ABERTO;298779;;;LETICIA VITORIA RIBEIRO DA SILVA;;;AZPORTOEX;LOGISTICA INTERNA;2026-09
2342;03/09/2026;17:41:51;;OPERACAO;;MATTEL DO BRASIL LTDA;LETICIA;;ANDRE LUIS;;Durante o processo de entrega, foi identificada uma sobra de volume em relacao ao quantitativo previsto na documentacao. O volume excedente nao foi identificado durante a conferencia na origem e seguiu junto a carga sem a devida identificacao, sendo a divergencia constatada somente posteriormente.;Durante o processo de entrega, foi identificada uma sobra de volume em relação ao quantitativo previsto na documentação. O volume excedente não foi identificado durante a conferência na origem e seguiu junto à carga sem a devida identificação, sendo a divergência constatada somente posteriormente.;SC.LETICIA;03/09/2026;17:41:51;ABERTO;;;;;Falha no processo de conferencia e identificacao dos volumes;;AZPORTOEX;OPERACAO;2026-09
2341;03/09/2026;17:35:54;;OPERACAO;;MATTEL DO BRASIL LTDA;LETICIA;;ANDRE LUIS;;No momento da entrega, durante a conferencia da carga pelo destinatario, foi identificada sobra de volume/mercadoria em relacao ao quantitativo informado na documentacao. A divergencia nao havia sido apontada durante as etapas anteriores da operacao, sendo constatada somente no ato da entrega.;No momento da entrega, durante a conferência da carga pelo destinatário, foi identificada sobra de volume/mercadoria em relação ao quantitativo informado na documentação. A divergência não havia sido apontada durante as etapas anteriores da operação, sendo constatada somente no ato da entrega.;SC.LETICIA;03/09/2026;17:35:54;ABERTO;296352,296353,296349,296357;;;;Possivel falha no processo de separacao e conferencia da carga,;;AZPORTOEX;OPERACAO;2026-09
2340;03/09/2026;11:51:58;;ATENDIMENTO;;FOTON MOTOR DO BRASIL VENDAS LTDA.;RAFAELLA;;EDUARDA DIAS DE OLIVEIRA;;O endereco de entrega informado na NF e CT-e estava incorreto, so descobrimos quando chegamos no local.;O endereço de entrega informado na NF  e CT-e estava incorreto, só descobrimos quando chegamos no local.;SC.RAFAELLA;03/09/2026;11:51:58;ABERTO;299295;;;MAYARA SOUZA DE OLIVEIRA;;;AZPORTOEX;ATENDIMENTO;2026-09
2339;03/09/2026;11:48:34;;ATENDIMENTO;ERRO DE PROGRAMACAO DO GESTOR DA CONTA DO CLIENTE;VALUE TRADE COMERCIAL IMPORTADORA E EXPORTADORA LTDA;RAFAELLA;;BRENDA ELICIA FREIRES MARQUES;;A mercadoria foi programada para coletar com um veiculo com capacidade para apenas 3ton, pois na planilha constava que o peso da mesma era de somente 1100kg aproximadamente. Chegamos no local e notamos que a mercadoria pesava 7ton.;;BRENDA;25/09/2026;14:28:03;FINALIZADA;;114240;;MAYARA SOUZA DE OLIVEIRA;;Esse caso o cliente passou o peso errado, apos a tentativa voltamos com o cliente e foi renegociado pelo comercial.;AZPORTOEX;ATENDIMENTO;2026-09
2338;03/09/2026;11:45:40;;ATENDIMENTO;;FORTE LOGISTICA;RAFAELLA;;JULIA CAROLINE;;O endereco de entrega no CT-e estava incorreto. Atendimento tinha o correto e nao atualizou no cadastro do cliente.;O endereço de entrega no CT-e estava incorreto. Atendimento tinha o correto e nao atualizou no cadastro do cliente.;SC.RAFAELLA;03/09/2026;11:45:40;ABERTO;299424;;;GUSTAVO ARRUDA DA SILVEIRA;;;AZPORTOEX;ATENDIMENTO;2026-09
2336;03/09/2026;11:39:59;;ATENDIMENTO;;PLUS CARGO INTERNACIONAL LTDA.;RAFAELLA;;BRENDA ELICIA FREIRES MARQUES;;A mercadoria estava programada para seguir com entrega, porem nao tinha carta de correcao da mercadoria e nao havia agendamento no sistema da local frio.;;BRENDA;25/09/2026;14:16:50;FINALIZADA;299444;;;GUSTAVO ARRUDA DA SILVEIRA;;Agendamento estava para as 09:30, cliente enviou direto pro terminal as 09:21. O veiculo finalizou a operacao as 10:16. Nao tem plano de acao.;AZPORTOEX;ATENDIMENTO;2026-09
2335;03/09/2026;11:37:19;;LOGISTICA INTERNA;;ANSELL BRAZIL LTDA.;RAFAELLA;;ANDRE LUIS;;Mercadoria nao localizada na base pela expedicao.;Mercadoria nao localizada na base pela expedição.;SC.RAFAELLA;03/09/2026;11:37:19;ABERTO;298615;;;RAFAELLA STEPHANY COUTINHO DA SILVA;;;AZPORTOEX;LOGISTICA INTERNA;2026-09
2334;02/09/2026;10:49:22;;LOGISTICA INTERNA;EXTRAVIO TOTAL;SHPY COMERCIO DE MATERIAL ELETRICO LTDA;JULIA CAROLINE;;ANDRE LUIS;;No dia 26/06, foi coletada a NF 555847. Apos correcao da documentacao, foi solicitada em 02/07 a coleta na JEM Navegantes para devolucao em 03/07, porem a documentacao necessaria nao foi recebida e o processo nao foi concluido. Em 29/07, ao ser solicitado o comprovante, identificamos ausencia de registro da devolucao. O rastreamento realizou buscas na base e inventarios, porem a carga nao foi localizada.;No dia 26/06, foi coletada a NF 555847. Após correção da documentação, foi solicitada em 02/07 a coleta na JEM Navegantes para devolução em 03/07, porém a documentação necessária não foi recebida e o processo não foi concluído. Em 29/07, ao ser solicitado o comprovante, identificamos ausência de registro da devolução. O rastreamento realizou buscas na base e inventários, porém a carga não foi localizada.;SC.JULIA;02/09/2026;10:49:22;ABERTO;289938;;;;;;AZPORTOEX;LOGISTICA INTERNA;2026-09
2332;02/09/2026;08:33:02;;ATENDIMENTO FILIAL;ERRO DE CONFERENCIA;NOVA ITALIA RESTAURANTE EIRELI;RAFAELLA;;ADRIANA VIEIRA;;No ato da entrega o cliente apontou a falta de 10 vols internos, na NF constava apenas 1vol, ou seja, 1 pallet fechado.;No ato da entrega o cliente apontou a falta de 10 vols internos, na NF constava apenas 1vol, ou seja, 1 pallet fechado.;SC.RAFAELLA;02/09/2026;08:33:02;ABERTO;;;;ADRIANA VIEIRA;;;AZPORTOEX;ATENDIMENTO;2026-09
2331;02/09/2026;08:30:42;;LOGISTICA INTERNA;EXTRAVIO PARCIAL;MATTEL DO BRASIL LTDA;RAFAELLA;;ANDRE LUIS;;A mercadoria foi entregue com uma caixa faltando, foi carregada uma caixa de outra NF no lugar.;A mercadoria foi entregue com uma caixa faltando, foi carregada uma caixa de outra NF no lugar.;SC.RAFAELLA;02/09/2026;08:30:42;ABERTO;298780;;;LETICIA VITORIA RIBEIRO DA SILVA;;;AZPORTOEX;LOGISTICA INTERNA;2026-09
2330;01/09/2026;15:50:07;;OPERACAO FILIAL;;FENCHEM BIOQUIMICA LTDA;DOUGLAS;;MARCOS BLAUTH;;Em 18/08, foi confirmado que nao havia necessidade de agendamento, sendo solicitada a entrega para 20/08. Apesar da baixa sistemica em 21/08, o comprovante nao foi disponibilizado. Em 31/08, apos nova verificacao, identificamos que a carga permanecia em nossa base e a entrega nao havia sido realizada. Falha no acompanhamento da operacao e na comunicacao entre as areas envolvidas, ocasionando a baixa da operacao sem a efetiva conclusao da entrega e sem a disponibilizacao do comprovante.;Em 18/08, foi confirmado que não havia necessidade de agendamento, sendo solicitada a entrega para 20/08. Apesar da baixa sistêmica em 21/08, o comprovante não foi disponibilizado. Em 31/08, após nova verificação, identificamos que a carga permanecia em nossa base e a entrega não havia sido realizada. Falha no acompanhamento da operação e na comunicação entre as áreas envolvidas, ocasionando a baixa da operação sem a efetiva conclusão da entrega e sem a disponibilização do comprovante.;SC.DOUGLAS;01/09/2026;15:50:07;ABERTO;296589;;;;NAO CUMPRIMENTO DO PROCESSO;;AZPORTOEX;OPERACAO;2026-09
2329;01/09/2026;15:45:28;;OPERACAO;;LAHUMAN DISTRIBUIDORA IMPORTADORA E EXPORTADORA LTDA;LETICIA;;PABLO GUSTAVO;;Carga com prazo de entrega em 28/08 chegou a filial sem qualquer apontamento de ocorrencia. Em 21/08, foi registrada no sistema como nao localizada, porem a informacao nao foi repassada ao Atendimento. Posteriormente, identificou-se que a carga possuia duas etiquetas e foi embarcada pela filial, sob alegacao de que uma nota constava como baixada. A divergencia nao foi comunicada, impossibilitando a atuacao preventiva e o acompanhamento adequado da operacao.;Carga com prazo de entrega em 28/08 chegou à filial sem qualquer apontamento de ocorrência. Em 21/08, foi registrada no sistema como não localizada, porém a informação não foi repassada ao Atendimento. Posteriormente, identificou-se que a carga possuía duas etiquetas e foi embarcada pela filial, sob alegação de que uma nota constava como baixada. A divergência não foi comunicada, impossibilitando a atuação preventiva e o acompanhamento adequado da operação.;SC.LETICIA;01/09/2026;15:45:28;ABERTO;296979;;;;Falha no processo de comunicacao entre a filial e o time de Atendimento,;;AZPORTOEX;OPERACAO;2026-09
2328;01/09/2026;14:37:47;;OPERACAO;;FARMA VISION IMP.EXP.DE MEDICAMENTOS LTDA;ADRIANA VIEIRA;01/10/2026;;;@Comercial SP conforme conversamos por telefone hoje, e que ficou acordado no dia 12/08, os 17 pallets que nao foram devolvidos deverao ser descontados no boleto/faturamento;Creio que apesar de ter faltado atencao na analise da cotacao, informacoes sobre os pallets, vejo como uma ocorrencia.;URIEL;01/10/2026;10:55:17;FINALIZADA;;;;;AUSENCIA DE CONFERENCIA E CONTROLES;"Iremos embutir o valor do pallet nas novas cotacoes ;";AZPORTOEX;OPERACAO;2026-09
